,count,miss,card,mode,modeF,modeP,mode2,modeF2,modeP2
ActivityID,15841.0,0.0,8.0,2.0,2628.0,16.589861751152075,4.0,2586.0,16.324726974307175
