,count,miss,card,mode,modeF,modeP,mode2,modeF2,modeP2
ActivityID,20863.0,0.0,10.0,4.0,2738.0,13.12371183434789,7.0,2435.0,11.67137995494416
