,count,miss,card,mode,modeF,modeP,mode2,modeF2,modeP2
ActivityID,22659.0,0.0,12.0,17.0,3417.0,15.080100622269295,7.0,2422.0,10.688909484090207
