,count,miss,card,mode,modeF,modeP,mode2,modeF2,modeP2
ActivityID,21055.0,0.0,11.0,4.0,2946.0,13.991925908335311,17.0,2681.0,12.73331750178105
