,count,miss,card,mode,modeF,modeP,mode2,modeF2,modeP2
ActivityID,23691.0,0.0,12.0,4.0,2886.0,12.181841205521083,17.0,2632.0,11.10970410704487
