,count,miss,card,mode,modeF,modeP,mode2,modeF2,modeP2
ActivityID,23624.0,0.0,12.0,17.0,3000.0,12.698950220115139,4.0,2780.0,11.767693870640027
