,count,miss,card,mode,modeF,modeP,mode2,modeF2,modeP2
ActivityID,24592.0,0.0,12.0,17.0,2985.0,12.138093689004554,4.0,2780.0,11.304489264801562
