,count,miss,card,mode,modeF,modeP,mode2,modeF2,modeP2
ActivityID,22590.0,0.0,12.0,1.0,2485.0,11.000442673749447,17.0,2147.0,9.504205400619743
