,count,mean,std,min,25%,50%,75%,max,miss
age,30940.0,38.56076276664512,13.639403068811818,17.0,28.0,37.0,48.0,90.0,0.0
fnlwgt,30940.0,189786.4014221073,105406.39438610482,12285.0,117849.0,178384.0,237318.0,1484705.0,0.0
capital-gain,30940.0,1081.8129928894634,7443.773041287165,0.0,0.0,0.0,0.0,99999.0,0.0
capital-loss,30940.0,86.56997414350356,401.7060231857947,0.0,0.0,0.0,0.0,4356.0,0.0
hours-per-week,30940.0,40.408920491273435,12.336944975043277,1.0,40.0,40.0,45.0,99.0,0.0
