,count,miss,card,mode,modeF,modeP,mode2,modeF2,modeP2
ActivityID,14434.0,0.0,4.0,10.0,6247.0,43.279756131356514,19.0,3104.0,21.504780379659138
